{
  "fx": 289.7056274847714,
  "fy": 289.7056274847714,
  "cx": 160.0,
  "cy": 120.0,
  "width": 320,
  "height": 240
}